use bangkokairways_final;

INSERT INTO passenger (PAX_ID, FName, MName, LName, Pgender, passport_num, DOB) 
VALUES
	('101', 'Sunan', 'Jaijing', 'Aromdee', 'M', 'AA6342205', '1991-06-04'),
	('102', 'Taweerat', '', 'Poolvaraluck', 'M', 'AA6235110', '1987-06-06'),
	('103', 'Nakarin', '', 'Chaiyansan', 'M', 'AA2143376', '1991-04-14'),
	('104', 'Jirattikarn', 'Malina', 'Kasamsun', 'F', 'AA1234546', '1989-11-30'),
	('105', 'Petchra', '', 'Thanwareth', 'F', 'AA6326695', '1993-03-13'),
	('106', 'Puttipat', '', 'Srisai', 'M', 'AA9874323', '1998-02-23'),
	('107', 'Malika', '', 'Srisai', 'F', 'AA1594533', '1988-07-04'),
	('108', 'Natee', '', 'Maleenon', 'M', 'AA6474058', '1987-06-27'),
	('109', 'Tulaya', 'Jennifer', 'Khumpa', 'F', 'AA1923452', '1977-03-14'),
	('110', 'Amitah', 'Anika', 'Singh', 'F', 'J8369854', '1975-09-19'),
	('111', 'Vivek', 'Yuraj', 'Bhatia', 'M', 'J8565534', '1984-08-23'),
	('112', 'Geetika', '', 'Chauhan', 'F', 'J8325112', '2003-12-23'),
	('113', 'Carlos', 'James', 'Arya', 'M', 'J8436611', '1973-08-17'),
	('114', 'Micah', 'Jones', 'Li', 'M', 'G34545410', '1970-04-13'),
	('115', 'Davie', 'Sanjaya', 'Yang', 'M', 'G39450453', '1990-04-20'),
	('116', 'Minami', 'Christine', 'Chung', 'F', 'M79004324', '1996-04-11'),
	('117', 'Eric', 'Wanno', 'Zhao', 'M', 'E05123434', '1992-05-17'),
	('118', 'Jonathan', 'Joseph', 'Kim', 'M', 'M49343554', '1976-11-20'),
	('119', 'Giju', 'Jhohan', 'Yoon', 'F', 'M55604532', '2000-07-14'),
	('120', 'Jiwon', '', 'Kim', 'M', 'M70656734', '1982-02-08');

INSERT INTO seat_type (SeatT_ID, Sname, price) 
VALUES
	('301', 'Economy', '2500'),
	('302', 'EconomyLL', '3000'),
	('303', 'EconomyC', '3500'),
	('304', 'Business', '20000'),
	('305', 'First', '30000');

INSERT INTO membership_level (ML_ID, mem_name, qualifying_point, qualifying_sector, validation_period) 
VALUES
	('97863546', 'Priority', '0', '0', '0'),
	('57256567', 'Premium', '12500', '35', '12'),
	('68378934', 'Premium Plus', '40000', '50', '12');
    

INSERT INTO airport (AIRPT_ID, IATA_Code, flightline_num, city, country, latitude, longitude, elevation, runway_num, AIRPT_name) 
VALUES
	('VTBD', 'DMK', '48', 'Bangkok', 'Thailand', 'N 13° 54\' 45.30"', 'E 100° 36\' 24.30"', '2.74', '2', 'Don Muang International Airport'),
	('VTBS', 'BKK', '76', 'Samut Prakan', 'Thailand', 'N 13° 40\' 51.02"', 'E 100° 44\' 51.64"', '1.52', '2', 'Suvarnabhumi Airport'),
	('VTCC', 'CNX', '24', 'Chiang Mai', 'Thailand', 'N 18° 46\' 06.36"', 'E 098° 57\' 46.29"', '315.77', '1', 'Chiang Mai International Airport'),
	('VTCT', 'CEI', '16', 'Chiang Rai', 'Thailand', 'N 19° 57\' 08.43"', 'E 099° 52\' 58.54"', '390.14', '1', 'Chiang Rai International Airport'),
	('VTSP', 'HKT', '24', 'Phuket', 'Thailand', 'N 08° 06\' 47.62"', 'E 098° 19\' 00.70"', '24.99', '1', 'Phuket International Airport'),
	('VTSS', 'HDY', '8', 'Songkhla', 'Thailand', 'N 06° 55\' 57.73"', 'E 100° 23\' 39.07"', '27.43', '1', 'Hat Yai Inyernational Airport'),
	('VTSG', 'KBV', '22', 'Krabi', 'Thailand', 'N 08° 05\' 45.49"', 'E 098° 59\' 19.55"', '24.38', '1', 'Krabi Airport'),
	('VTBO', 'TDX', '12', 'Trat', 'Thailand', 'N 12° 16\' 29.06"', 'E 102° 19\' 09.08"', '32', '1', 'Trat Airport'),
	('VTSM', 'USM', '15', 'Surat Thani', 'Thailand', 'N 09° 32\' 52.23"', 'E 100° 03\' 44.81"', '19.51', '1', 'Samui International Airport'),
	('VTPO', 'THS', '8', 'Sukhothai', 'Thailand', 'N 17° 14\' 16.77"', 'E 099° 49\' 05.46"', '54.56', '1', 'Sukhothai Airport'),
	('VTCH', 'HGN', '64', 'Mae Hong Son', 'Thailand', 'N 19° 18\' 06.00"', 'E 097° 58\' 30.00"', '283.16', '1', 'Mae Hong Son Airport'),
	('VTCL', 'LPT', '40', 'Lampang', 'Thailand', 'N 18° 16\' 15.36"', 'E 099° 30\' 15.00"', '247.19', '1', 'Lampang Airport'),
	('WMKK', 'KUL', '60', 'Kuala Lumpur', 'Malaysia', 'N 02° 44\' 44.08"', 'E 101° 42\' 35.70"', '21.03', '2', 'Kuala Lumpur International Airport'),
	('VVNB', 'HAN', '20', 'Hanoi', 'Vietnam', 'N 21° 13\' 13.18"', 'E 105° 48\' 20.07"', '12.19', '2', 'Noi Bai International Airport'),
	('WSSS', 'SIN', '42', 'Changi', 'Singapore', 'N 01° 21\' 00.59"', 'E 103° 59\' 39.76"', '6.71', '3', 'Changi Airport'),
	('ZUCK', 'CKG', '15', 'Chongqing', 'China', 'N 29° 43\' 09.18"', 'E 106° 38\' 30.04"', '416.05', '1', 'Chongqing Jiangbei International Airport'),
	('YPPH', 'PER', '27', 'Perth', 'Australia', 'S 31° 56\' 25.00"', 'E 115° 58\' 01.00"', '20.42', '2', 'Perth Airport'),
	('VDPP', 'PNH', '12', 'Phnom Penh', 'Cambodia', 'N 11° 32\' 47.60"', 'E 104° 50\' 38.90"', '12.19', '1', 'Phnom Penh International Airport'),
	('VDSR', 'REP', '15', 'Siem Reap', 'Cambodia', 'N 13° 24\' 38.40"', 'E 103° 48\' 46.22"', '17.07', '1', 'Siem Reap International Airport'),
	('VYYY', 'RGN', '16', 'Yangon', 'Myanmar', 'N 16° 54\' 26.03"', 'E 096° 07\' 59.66"', '33.22', '1', 'Yangon International Airport'),
	('VTBU', 'UTP', '21', 'Rayong', 'Thailand', 'N 12° 40\' 47.80"', 'E 101° 00\' 18.10"', '12.8', '1', 'U-Tapao International Airport'),
	('VVTS', 'SGN', '32', 'Ho Chi Minh', 'Vietnam', 'N 10° 49\' 07.67"', 'E 106° 39\' 06.68"', '10.06', '2', 'Tan Son Nhat International Airport');

INSERT INTO flight_schedule (FLTS_ID, FLTCode, ScheduleDept_time, ScheduleArr_time, FLT_date, airline_name, terminal, checkin_counter, status) 
VALUES
	('658344', 'PG174', '2022-10-31 13:25:00', '2022-10-31 15:00:00', '2022-10-31', 'Bangkok Airways', 'C', 'F14', 'En-Route'),
	('654177', 'PG258', '2022-10-31 12:55:00', '2022-10-31 13:50:00', '2022-10-31', 'Bangkok Airways', 'D', 'F7', 'En-Route'),
	('651180', 'PG164', '2022-10-30 10:10:00', '2022-10-30 11:25:00', '2022-10-30', 'Bangkok Airways', 'C', 'F5', 'Landed Late'),
	('659358', 'PG214', '2022-10-30 17:30:00', '2022-10-30 18:50:00', '2022-10-30', 'Bangkok Airways', '2', 'F11', 'Landed on time'),
	('658114', 'PG308', '2022-10-30 18:30:00', '2022-10-30 19:30:00', '2022-10-30', 'Bangkok Airways', '1', 'F12', 'Landed on time'),
	('656556', 'PG264', '2022-10-24 20:00:00', '2022-10-24 21:05:00', '2022-10-24', 'Bangkok Airways', 'B', 'F9', 'Landed on time'),
	('650823', 'PG279', '2022-10-29 20:05:00', '2022-10-29 21:10:00', '2022-10-29', 'Bangkok Airways', 'D', 'F10', 'En-Route'),
	('654235', 'PG191', '2022-10-28 20:46:00', '2022-10-28 21:15:00', '2022-10-28', 'Bangkok Airways', 'C', 'F12', 'En-Route'),
	('652153', 'PG220', '2022-10-24 19:46:00', '2022-10-24 21:14:00', '2022-10-24', 'Bangkok Airways', 'B', 'F8', 'Landed on time'),
	('650997', 'PG172', '2022-10-27 12:40:00', '2022-10-27 13:55:00', '2022-10-27', 'Bangkok Airways', '2', 'F13', 'Landed Late'),
	('657845', 'PG908', '2022-10-22 12:35:00', '2022-10-22 13:55:00', '2022-10-22', 'Cambodia Angkor Air', 'I', 'B12', 'Landed on time'),
	('654488', 'PG704', '2022-10-22 11:40:00', '2022-10-22 13:10:00', '2022-10-22', 'Myanmar Airways International', '1', 'A11', 'Landed Late'),
	('653156', 'PG962', '2022-10-23 12:10:00', '2022-10-23 14:15:00', '2022-10-31', 'Singapore Airlines', '1', 'A2', 'En-Route'),
	('653389', 'ZA936', '2022-10-23 19:41:00', '2022-10-23 20:36:00', '2022-10-30', 'Sky Angkor Airlines', 'I', 'H15', 'Landed on time'),
	('659925', 'ZA1679', '2022-10-29 20:00:00', '2022-10-29 21:20:00', '2022-10-29', 'Sky Angkor Airlines', 'A', 'F5', 'Landed Late'),
	('655225', 'ZA679', '2022-10-29 19:15:00', '2022-10-29 20:20:00', '2022-10-29', 'Sky Angkor Airlines', 'C', 'F3', 'Landed on time'),
	('657976', 'TR671', '2022-10-28 12:30:00', '2022-10-28 13:25:00', '2022-10-28', 'Tigerair', 'B', 'F1', 'En-Route'),
	('650035', 'SQ713', '2022-10-27 23:15:00', '2022-10-28 00:18:00', '2022-10-27', 'Singapore Airlines', 'I', 'F2', 'En-Route'),
	('658189', '8M351', '2022-10-26 15:00:00', '2022-10-26 16:15:00', '2022-10-26', 'Myanmar Airways International', 'A', 'A5', 'Landed Late'),
	('659260', '8M332', '2022-10-26 12:25:00', '2022-10-26 13:45:00', '2022-10-26', 'Myanmar Airways International', 'B', 'F3', 'Landed on time'),
	('658173', 'PG934', '2022-11-01 08:35:00', '2022-11-01 09:50:00', '2022-11-01', 'Myanmar Airways International', 'I', 'F1', 'Landed on time'),
	('654398', 'PG961', '2022-11-01 09:25:00', '2022-11-01 11:20:00', '2022-11-01', 'Bangkok Airways', '1', 'F13', 'En-Route'),
	('655993', 'SQ709', '2022-11-01 19:15:00', '2022-11-01 21:10:00', '2022-11-01', 'Singapore Airlines', 'A', 'F2', 'En-Route'),
	('654040', 'PG907', '2022-10-27 11:30:00', '2022-10-27 12:45:00', '2022-10-27', 'Sky Angkor Airlines', 'B', 'F7', 'Landed Late'),
	('656432', 'PG219', '2022-10-26 10:35:00', '2022-10-26 11:55:00', '2022-10-26', 'Bangkok Airways', 'C', 'F15', 'Landed on time'),
	('654676', 'PG284', '2022-10-26 09:30:00', '2022-10-26 10:40:00', '2022-10-26', 'Bangkok Airways', '2', 'F13', 'Landed on time'),
	('651104', 'VZ307', '2022-10-25 09:00:00', '2022-10-25 10:55:00', '2022-10-25', 'Thai Vietjet Air', 'C', 'F2', 'Landed Late'),
	('653004', 'VZ137', '2022-10-26 12:30:00', '2022-10-26 14:00:00', '2022-10-26', 'Thai Vietjet Air', '1', 'C7', 'Landed on time'),
	('655108', '8M350', '2022-10-29 20:30:00', '2022-10-29 21:45:00', '2022-10-29', 'Myanmar Airways International', 'I', 'A1', 'En-Route'),
	('653265', 'VJ805', '2022-10-23 08:00:00', '2022-10-23 09:20:00', '2022-10-30', 'Thai Vietjet Air', 'C', 'F13', 'En-Route');
    
INSERT INTO employee (EMP_ID, FName, MName, LName, title, DOB, Egender, employment_date, phone_number, salary, SEMP_ID) VALUES
	('632296', 'Vikenti', 'Joseph', 'Makhovnick', 'Chief operations officer', '1978-06-04', 'M', '2005-03-31', '0822491628', '2900000', '632296'),
	('632298', 'Kanokrat', '', 'Kasamsun', 'Chief marketing officer', '1978-10-14', 'F', '2018-10-31', '0897614287', '2900000', '632298'),
	('632279', 'Soabaskorn', '', 'Mechaimak', 'Chief information officer', '1976-07-14', 'M', '2007-09-19', '0877601687', '2934742', '632279'),
	('632316', 'Armani', 'Manu', 'Lawson', 'Chief financial officer', '1975-11-12', 'M', '2017-08-17', '0827471743', '4440000', '632316'),
	('632278', 'Nuengrutai', '', 'Rattanabanshi', 'Chief executive officer', '1975-10-01', 'M', '2017-10-03', '0885567065', '4815157', '632278'),
	('632308', 'Pan', '', 'Jung-Hwa', 'Director', '1979-09-26', 'F', '2009-04-15', '0895029367', '2000000', '632296'),
	('632277', 'Tanmeti', 'Suthama', 'Chitwitchaporn', 'Director', '1978-07-13', 'M', '2009-11-30', '0844286375', '2000000', '632298'),
	('632285', 'Pimchanok', '', 'Wuttanidai', 'Director', '1977-12-25', 'F', '2017-04-11', '0823343665', '2000000', '632279'),
	('632286', 'Yindee', '', 'Prateung', 'Supervisor', '1991-02-02', 'F', '2011-08-25', '0887691784', '743000', '632308'),
	('632287', 'Sukanda', 'Prasert', 'Palathai', 'Supervisor', '1991-10-22', 'F', '2008-12-27', '0826746697', '790000', '632277'),
	('632307', 'Kajal', 'Narukka', 'Nazareth', 'Supervisor', '1991-02-05', 'F', '2008-09-24', '0835617064', '800000', '632285'),
	('632294', 'Yupin', '', 'Montri', 'Supervisor', '1985-02-19', 'F', '2006-05-20', '0825710375', '2500000', '632296'),
	('632293', 'Sasikarn', '', 'Ekaluck', 'Supervisor', '1983-09-22', 'F', '2019-02-17', '0809024830', '2500000', '632298'),
	('632303', 'Ajay', '', 'Sehgal', 'Supervisor', '1983-09-17', 'M', '2012-11-24', '0873237493', '2500000', '632279'),
	('632313', 'Don', 'Christopher', 'Chul', 'Supervisor', '1982-11-22', 'M', '2012-05-29', '0805382006', '2500000', '632298'),
	('632301', 'Sanjana', 'Malik', 'Prabhakar', 'Supervisor', '1982-07-03', 'F', '2014-04-18', '0877200909', '2500000', '632279'),
	('632290', 'Sunaroj', 'Vinayak', 'Sethi', 'Supervisor', '1979-11-29', 'M', '2013-10-14', '0863579329', '140000', '632298'),
	('632311', 'Ryan', 'Bihari', 'Sethi', 'Supervisor', '1980-06-08', 'M', '2015-07-11', '0826684270', '140000', '632279'),
	('632320', 'Amronray', '', 'Yingmekin', 'Supervisor', '1980-06-08', 'F', '2010-06-04', '0893845665', '151000', '632296'),
	('632284', 'Intira', 'Pranee', 'Iemtadanai', 'Supervisor', '1979-01-11', 'F', '2008-06-25', '0823684119', '151000', '632298'),
	('632300', 'Manjusha ', 'Viki', 'Jain', 'Supervisor', '1979-09-30', 'M', '2012-05-23', '0890876782', '151000', '632279'),
	('632310', 'Seo', '', 'Hajoon', 'Supervisor', '1996-03-11', 'M', '2015-01-22', '0874287687', '300000', '632296'),
	('632312', 'Nae', '', 'Man-Shik', 'Supervisor', '1995-11-24', 'M', '2005-04-22', '0855729175', '300000', '632298'),
	('632305', 'Ayush', 'Kruti', 'Jain', 'Supervisor', '1995-03-29', 'M', '2005-08-21', '0808435764', '300000', '632279'),
	('632328', 'Rungruedeen', '', 'Yingyungyong', 'Supervisor', '1992-09-20', 'F', '2013-08-02', '0849228668', '325000', '632296'),
	('632327', 'Monklong', 'Bhanthai', 'Paireerak', 'Supervisor', '1991-10-13', 'M', '2016-11-25', '0885045688', '325000', '632298'),
	('632336', 'Saowatharn', '', 'Rardchawat', 'Supervisor', '1990-06-25', 'F', '2016-11-28', '0878508073', '325000', '632279'),
	('632315', 'Noe', '', 'Billard', 'Human Resource', '1995-09-15', 'M', '2012-06-12', '0883391960', '150000', '632336'),
	('632280', 'Sasiwinon', '', 'Rattanabanshi', 'Executive Secretary To President', '1981-04-08', 'F', '2014-04-16', '0804316382', '200000', '632278'),
	('632304', 'Dhanajay ', '', 'Bhari', '', '1994-04-10', 'M', '2012-12-25', '0868252690', '435000', '632286'),
	('632309', 'Yong', '', 'Hae', '', '1993-01-07', 'F', '2008-06-26', '0829736985', '500000', '632287'),
	('632317', 'Kanokwan', '', 'Suprachan', '', '1993-07-15', 'F', '2015-04-09', '0820868107', '668200', '632307'),
	('632288', 'Badinton', '', 'Phatipatanawong', '', '1991-12-15', 'M', '2006-06-17', '0858839097', '450000', '632286'),
	('632319', 'Jirapong', '', 'Pongprakert', '', '1992-05-17', 'M', '2005-06-16', '0860988876', '540000', '632287'),
	('632283', 'Sinn', '', 'Sudham', '', '1991-08-03', 'F', '2005-03-03', '0870697011', '645000', '632307'),
	('632291', 'Phisan', '', 'Toktumsonteen', '', '1989-12-03', 'M', '2005-12-14', '0888299754', '850000', '632294'),
	('632318', 'Chaimongkol', '', 'Puttinachon', '', '1988-08-17', 'M', '2016-05-26', '0845980397', '1800000', '632293'),
	('632289', 'Chakrabandhu', '', 'Sivaraksa', '', '1987-08-15', 'M', '2010-06-09', '0876591707', '1900000', '632303'),
	('632314', 'Karen', 'Mitchell', 'Lewis', '', '1987-03-24', 'F', '2007-07-26', '0869318155', '1900000', '632313'),
	('632321', 'Ajay', 'Bihalni', 'Sethi', '', '1987-10-17', 'M', '2017-11-18', '0861322181', '2000000', '632301'),
	('632295', 'Saowapa', '', 'Warisanawan', '', '1986-03-22', 'F', '2009-09-01', '0833436071', '2000000', '632313'),
	('632322', 'Ratthana', '', 'Rattikanawong', '', '2002-10-29', 'M', '2017-10-20', '0843798590', '58000', '632290'),
	('632323', 'Putinard', '', 'Wongkarung', '', '1989-02-01', 'M', '2019-04-16', '0865779350', '58000', '632311'),
	('632324', 'Pattiphan', '', 'Karuncharnan', '', '1987-11-21', 'M', '2013-02-15', '0802152620', '58000', '632320'),
	('632325', 'Angkhana', '', 'Buraphanin', '', '1988-03-27', 'M', '2008-05-07', '0883383060', '90000', '632284'),
	('632326', 'Puttipong', '', 'Narakhanwong', '', '1987-10-16', 'M', '2008-10-28', '0843387304', '110000', '632300'),
	('632281', 'Thanyara', '', 'Kaeynanoon', '', '1999-10-19', 'F', '2015-12-24', '0862284178', '250000', '632310'),
	('632299', 'Burapol', '', 'Mintonki', '', '1999-04-01', 'M', '2009-10-07', '0827064328', '250000', '632312'),
	('632297', 'Phisani', '', 'Sindudeja', '', '1998-03-27', 'M', '2008-09-09', '0854089755', '250000', '632305'),
	('632302', 'Sonali', 'Suzi', 'Garg', '', '1997-12-18', 'F', '2012-02-18', '0856030527', '250000', '632310'),
	('632306', 'Mohini', 'Mikka', 'Das', '', '1997-05-19', 'F', '2012-04-25', '0841525429', '250000', '632312'),
	('632282', 'Tookta', '', 'Chearavanont', '', '1996-09-18', 'F', '2017-12-03', '0832928918', '250000', '632305'),
	('632292', 'Kittikorn', '', 'Chaipoowapat', '', '1995-12-27', 'M', '2018-01-31', '0826985335', '250000', '632305'),
	('632333', 'Thanit', '', 'Kingkradeng', '', '2002-11-13', 'M', '2008-07-13', '0894595800', '150000', '632328'),
	('632330', 'Tuptim', '', 'Thaibanguaoy', '', '2002-10-27', 'F', '2008-10-21', '0838355664', '150000', '632327'),
	('632329', 'Pattama', '', 'Thammungkong', '', '2001-05-05', 'M', '2009-03-22', '0811956913', '150000', '632336'),
	('632331', 'Niyom', '', 'Sungkong', '', '1996-07-06', 'M', '2017-12-29', '0818936568', '150000', '632328'),
	('632332', 'Adung', 'Sraya', 'Sethi', '', '1995-12-29', 'F', '2016-12-01', '0818731169', '150000', '632327'),
	('632335', 'Nissorn', 'Chayunart', 'Ponhpaiboon', '', '1995-11-21', 'M', '2009-06-05', '0819458049', '150000', '632336'),
	('632334', 'Pundareek', '', 'Suprija', '', '1993-07-28', 'F', '2015-01-23', '0888744664', '150000', '632328');

INSERT INTO thai_passenger (TPAX_ID, national_ID) 
VALUES
	('101', '2905000663917'),
	('102', '2677775213485'),
	('103', '2361103442290'),
	('104', '1598498054337'),
	('105', '1602098789836'),
	('106', '2508441121022'),
	('107', '2807581223544'),
	('108', '2610339688532'),
	('109', '1608527719452');
    
INSERT INTO foreign_passenger (FPAX_ID, visa_number, nationality) 
VALUES
	('110', '76345240', 'Indian'),
	('111', '67690686', 'Indian'),
	('112', '87128669', 'Indian'),
	('113', '16517894', 'Indian'),
	('114', '34213619', 'Chinese'),
	('115', '37763659', 'Chinese'),
	('116', '31350813', 'Korean'),
	('117', '85523087', 'Chinese'),
	('118', '52684003', 'Korean'),
	('119', '86120784', 'Korean'),
	('120', '81721391', 'Korean');

INSERT INTO seat (Seat_ID, row_num, ST_ID) 
VALUES
	('42190', 'A1', '305'),
	('95130', 'B1', '305'),
	('12726', 'E1', '305'),
	('88600', 'F1', '305'),
	('43988', 'A2', '305'),
	('93799', 'B2', '305'),
	('46308', 'E2', '305'),
	('59315', 'F2', '305'),
	('41936', 'A3', '305'),
	('78760', 'B3', '305'),
	('29406', 'E3', '305'),
	('20411', 'F3', '305'),
	('44897', 'A7', '304'),
	('67672', 'B7', '304'),
	('85917', 'C7', '304'),
	('44456', 'D7', '304'),
	('12141', 'E7', '304'),
	('49254', 'F7', '304'),
	('60992', 'A8', '304'),
	('29666', 'B8', '304'),
	('52672', 'C8', '304'),
	('29965', 'D8', '304'),
	('64342', 'E8', '304'),
	('71229', 'F8', '304'),
	('84804', 'A10', '304'),
	('21511', 'B10', '304'),
	('95770', 'C10', '304'),
	('71003', 'D10', '304'),
	('40207', 'E10', '304'),
	('59475', 'F10', '304'),
	('61476', 'A11', '303'),
	('24142', 'B11', '303'),
	('53531', 'C11', '303'),
	('31243', 'D11', '303'),
	('84262', 'E11', '303'),
	('63048', 'F11', '303'),
	('13401', 'A12', '303'),
	('19637', 'B12', '303'),
	('58068', 'C12', '303'),
	('66131', 'D12', '303'),
	('83116', 'E12', '303'),
	('77178', 'F12', '303'),
	('47480', 'A20', '302'),
	('21325', 'B20', '302'),
	('49667', 'C20', '302'),
	('44755', 'D20', '302'),
	('25806', 'E20', '302'),
	('52034', 'F20', '302'),
	('27858', 'A21', '302'),
	('87593', 'B21', '302'),
	('11111', 'C21', '302'),
	('86222', 'D21', '302'),
	('42240', 'E21', '302'),
	('50924', 'F21', '302'),
	('88205', 'A22', '301'),
	('67783', 'B22', '301'),
	('53342', 'C22', '301'),
	('77498', 'D22', '301'),
	('36004', 'E22', '301'),
	('32937', 'F22', '301');

INSERT INTO contact_detail (CONT_ID, email, pnum, tnum, guardian, g_relationship, gnum, CPAX_ID) 
VALUES
	('333', 'sunan_a@mail.com', '0856626740', '023431335', 'Chutinan', 'friend', '0858112651', '101'),
	('192', 'taweerat_p@mail.com', '0815870237', '', 'Titinan', 'father', '0865510689', '102'),
	('240', 'nakarin_c@mail.com', '0863546420', '027196823', 'Jirattikarn', 'spouse', '0875929325', '103'),
	('131', 'jirattikarn_k@mail.com', '0875929325', '029125734', 'Nakarin', 'spouse', '0863546420', '104'),
	('919', 'petchra_t@mail.com', '0853631124', '021672532', 'Puttipat', 'spouse', '0822446335', '105'),
	('678', 'puttipat_s@mail.com', '0822446335', '', 'Petchra', 'spouse', '0853631124', '106'),
	('505', 'malika_s@mail.com', '0870456365', '029803085', 'Praprai', 'friend', '0874942257', '107'),
	('828', 'natee_m@mail.com', '0882340098', '029124780', 'Potjamarn', 'friend', '0806173506', '108'),
	('967', 'tulaya_k@mail.com', '0862779436', '024191174', 'Chotinan', 'son', '0857299637', '109'),
	('326', 'amitah_s@mail.com', '0838577520', '023343340', 'Natchaporn', 'daughter', '0830259259', '110'),
	('677', 'vivek_b@mail.com', '0886185316', '', 'Vethica', 'spouse', '0872634741', '111'),
	('620', 'geetika_c@mail.com', '0828051373', '028630738', 'Vethica', 'mother', '0866897157', '112'),
	('564', 'carlos_a@mail.com', '0857366238', '029514450', 'Swanson', 'mother', '0881959706', '113'),
	('686', 'micah_l@mail.com', '0842527828', '', 'Davie', 'friend', '0898622868', '114'),
	('282', 'davie_y@mail.com', '0898622868', '', 'Micha', 'friend', '0842527828', '115'),
	('818', 'minami_c@mail.com', '0854557435', '028060521', 'Eric', 'spouse', '0869339846', '116'),
	('403', 'eric_z@mail.com', '0869339846', '', 'Minami', 'spouse', '0854557435', '117'),
	('658', 'jonathan_k@mail.com', '0864462398', '024711593', 'Karen', 'mother', '0801406911', '118'),
	('127', 'giju_y@mail.com', '0875173851', '024666027', 'Jiwon', 'spouse', '0835515591', '119'),
	('721', 'jiwon_k@mail.com', '0835515591', '024209820', 'Giju', 'spouse', '0875173851', '120');
    
INSERT INTO flyerbonus_membership (FLYER_ID, passwd, MEM_discount, preferred_lang, ML_ID, FLPAX_ID, signup_date) 
VALUES
	('60152101', 'Amitah110', '10', 'Thai', '68378934', '110', '2020-12-14'),
	('60152109', 'Giju119', '5', 'English', '97863546', '119', '2022-01-24'),
	('60152100', 'Nakarin103', '8', 'Thai', '57256567', '103', '2020-07-16'),
	('60152207', 'Micah114', '8', 'English', '57256567', '114', '2020-11-04'),
	('60152201', 'Minami116', '5', 'English', '97863546', '116', '2021-01-28'),
	('60152119', 'Malika170', '5', 'English', '97863546', '107', '2021-12-19'),
	('60152211', 'Petchra105', '5', 'Thai', '97863546', '105', '2021-03-09'),
	('60152111', 'Taweerat102', '5', 'Thai', '97863546', '102', '2022-05-30'),
	('60152118', 'Vivek111', '10', 'English', '68378934', '111', '2020-10-14'),
	('60152210', 'Jonathan118', '8', 'English', '57256567', '118', '2021-03-23');
    
INSERT INTO payment (PYMT_ID, PYMT_datetime, PYMT_mode, service_charge, discount, PPAX_ID) 
VALUES
	('112022', '2022-07-08 12:09:11', 'ATM', '25', '0', '101'),
	('251846', '2022-07-09 10:15:19', 'Debit', '20', '500', '101'),
	('234685', '2022-07-11 17:21:09', 'Debit', '20', '500', '101'),
	('965820', '2022-07-14 12:26:13', 'Credit', '50', '200', '102'),
	('852439', '2022-07-15 15:29:12', 'ATM', '25', '0', '102'),
	('866458', '2022-07-17 20:30:09', 'counter', '50', '0', '102'),
	('542123', '2022-07-19 12:00:22', 'ibanking', '0', '0', '103'),
	('447573', '2022-07-21 10:43:34', 'ATM', '25', '0', '103'),
	('452168', '2022-07-22 16:44:19', 'Debit', '20', '500', '103'),
	('212417', '2022-07-22 2:55:55', 'Debit', '20', '500', '104'),
	('845136', '2022-07-23 4:49:48', 'Credit', '50', '200', '104'),
	('513346', '2022-07-24 8:22:21', 'ATM', '25', '0', '104'),
	('254698', '2022-07-22 16:44:19', 'counter', '50', '0', '105'),
	('545168', '2022-07-27 17:11:32', 'ibanking', '0', '0', '105'),
	('364521', '2022-07-28 12:00:00', 'ATM', '25', '0', '105'),
	('121212', '2022-07-30 22:59:11', 'Credit', '50', '200', '106'),
	('567285', '2022-07-31 12:09:11', 'Debit', '20', '500', '106'),
	('364215', '2022-08-01 16:41:02', 'Credit', '0', '200', '106'),
	('854210', '2022-08-01 13:58:00', 'ATM', '25', '0', '107'),
	('181824', '2022-08-02 22:47:02', 'counter', '50', '0', '107'),
	('253687', '2022-08-03 7:03:32', 'ibanking', '0', '0', '107'),
	('254816', '2022-08-03 10:46:27', 'ATM', '25', '0', '108'),
	('258965', '2022-08-04 20:54:15', 'ibanking', '0', '0', '108'),
	('541782', '2022-08-04 23:19:47', 'ibanking', '0', '0', '108'),
	('471542', '2022-08-05 8:07:36', 'Debit', '20', '500', '109'),
	('284152', '2022-08-06 22:48:44', 'Debit', '20', '500', '109'),
	('554218', '2022-08-08 21:47:28', 'Credit', '50', '200', '109'),
	('256368', '2022-08-09 12:45:56', 'ATM', '25', '0', '110'),
	('417852', '2022-08-11 16:38:45', 'counter', '50', '0', '110'),
	('254178', '2022-08-12 21:52:51', 'ibanking', '0', '0', '110'),
	('251478', '2022-08-14 14:19:01', 'Credit', '0', '200', '111'),
	('256321', '2022-08-16 5:02:03', 'Debit', '20', '500', '111'),
	('784125', '2022-08-17 9:26:03', 'Debit', '20', '500', '111'),
	('254178', '2022-08-17 20:50:35', 'Credit', '50', '200', '112'),
	('325689', '2022-08-18 10:31:37', 'Credit', '0', '200', '112'),
	('646506', '2022-08-17 9:26:03', 'Debit', '20', '500', '112'),
	('852142', '2022-08-20 0:53:02', 'ibanking', '0', '0', '113'),
	('517528', '2022-08-22 8:10:22', 'Credit', '50', '200', '113'),
	('796502', '2022-08-23 13:16:47', 'Debit', '20', '500', '113'),
	('254631', '2022-08-24 4:42:51', 'Debit', '20', '500', '114'),
	('138878', '2022-08-26 12:36:11', 'Credit', '0', '200', '114'),
	('253685', '2022-08-27 20:29:58', 'ibanking', '0', '0', '114'),
	('254178', '2022-08-27 23:29:37', 'ibanking', '0', '0', '115'),
	('854725', '2022-08-27 10:02:17', 'Credit', '50', '0', '115'),
	('245806', '2022-08-29 5:33:07', 'ATM', '25', '0', '115'),
	('256367', '2022-08-30 17:54:55', 'ibanking', '0', '0', '116'),
	('646882', '2022-08-31 8:14:59', 'ibanking', '0', '0', '116'),
	('528741', '2022-08-31 16:43:36', 'ATM', '25', '0', '116'),
	('846588', '2022-09-01 23:42:03', 'Debit', '20', '500', '117'),
	('824150', '2022-09-03 10:23:14', 'Debit', '20', '500', '117'),
	('315859', '2022-09-05 12:54:29', 'Credit', '50', '200', '117'),
	('253685', '2022-09-06 8:07:42', 'ATM', '25', '0', '118'),
	('881662', '2022-09-07 20:37:12', 'counter', '50', '0', '118'),
	('542187', '2022-09-08 12:29:35', 'ibanking', '0', '0', '118'),
	('846321', '2022-09-09 0:10:03', 'ATM', '25', '0', '119'),
	('231842', '2022-09-10 9:06:35', 'Credit', '50', '200', '119'),
	('243675', '2022-08-11 4:05:53', 'Debit', '20', '500', '119'),
	('826829', '2022-09-12 23:15:28', 'ATM', '25', '0', '120'),
	('843468', '2022-09-14 8:37:34', 'ibanking', '0', '0', '120'),
	('543673', '2022-08-15 9:11:57', 'Debit', '20', '500', '120');

INSERT INTO network_planning (NEMP_ID, algorithm_level)
VALUES
	('632281', 'Novice'),
	('632299', 'Novice'),
	('632297', 'Moderate'),
	('632302', 'Moderate'),
	('632306', 'Moderate'),
	('632282', 'Moderate'),
	('632292', 'Expert'),
	('632310', 'Expert'),
	('632312', 'Expert'),
	('632305', 'Expert');
    
INSERT INTO route (R_ID, distance, route_type, point, DEPT_AIRPT, ARR_AIRPT, N_EMP_ID) 
VALUES
	('641589', '594', 'Domestic', '50', 'VTBS', 'VTCC', '632281'),
	('649853', '671', 'Domestic', '50', 'VTBS', 'VTSP', '632299'),
	('644480', '504', 'International', '20', 'VTBS', 'VDPP', '632297'),
	('644725', '333', 'International', '20', 'VTBS', 'VDSR', '632302'),
	('647701', '716', 'International', '50', 'VTBS', 'VVTS', '632306'),
	('640760', '1410', 'International', '50', 'VTBS', 'WSSS', '632282'),
	('641923', '633', 'International', '50', 'VTCT', 'VVNB', '632292'),
	('645642', '766', 'International', '50', 'VTCC', 'VVNB', '632310'),
	('648043', '249', 'Domestic', '10', 'VTSP', 'VTSM', '632312'),
	('642076', '504', 'International', '50', 'VDPP', 'VTBS', '632305'),
	('643026', '231', 'Domestic', '10', 'VTBO', 'VTBS', '632306'),
	('640480', '406', 'Domestic', '20', 'VTPO', 'VTBS', '632282'),
	('648870', '463', 'Domestic', '20', 'VTSM', 'VTBS', '632292'),
	('640083', '592', 'International', '50', 'VTSM', 'VDSR', '632310'),
	('646846', '361', 'Domestic', '20', 'VTBU', 'VTSM', '632312');
    
INSERT INTO airplane (AIRP_ID, company, model, max_capacity, num_class, type, manufacture_date) 
VALUES
	('88084F', 'Airbus SAS', 'Airbus320-200', '162', '3', 'Airbus', '2012-04-18'),
	('880C4A', 'Airbus SAS', 'Airbus319-100', '138', '3', 'Airbus', '2001-07-11'),
	('880455', 'ATR', 'ATR72-600', '70', '3', 'ATR', '1999-06-23'),
	('8832B0', 'Airbus SAS', 'Airbus320-200', '162', '3', 'Airbus', '2013-10-10'),
	('8832B1', 'Airbus SAS', 'Airbus320-200', '162', '3', 'Airbus', '2005-04-07'),
	('885966', 'Airbus SAS', 'Airbus319-100', '144', '3', 'Airbus', '1997-08-20'),
	('881056', 'Airbus SAS', 'Airbus319-100', '132', '3', 'Airbus', '2004-11-25'),
	('88596D', 'Airbus SAS', 'Airbus319-100', '120', '3', 'Airbus', '2009-05-18'),
	('88434E', 'ATR', 'ATR72-500', '70', '3', 'ATR', '2018-12-11'),
	('88530C', 'ATR', 'ATR72-500', '70', '3', 'ATR', '2017-12-17');    

INSERT INTO airplane_can_land_airport (AIRP_ID, AIRPT_ID) 
VALUES
	('880455', 'VTCL'),
	('880455', 'ZUCK'),
	('880455', 'VVTS'),
	('881056', 'WMKK'),
	('881056', 'VYYY'),
	('885966', 'VTSG'),
	('885966', 'VTBO'),
	('885966', 'VTSM'),
	('88084F', 'VTSM'),
	('88084F', 'VVNB'),
	('880C4A', 'VTCC'),
	('880C4A', 'VDSR'),
	('880C4A', 'VTSP'),
	('8832B0', 'VTCT'),
	('8832B0', 'VTSS'),
	('8832B0', 'YPPH'),
	('8832B0', 'VTBO'),
	('8832B1', 'VTCH'),
	('8832B1', 'YPPH'),
	('8832B1', 'VTBU'),
	('88434E', 'VTPO'),
	('88434E', 'WSSS'),
	('88530C', 'VTBD'),
	('88530C', 'VDPP'),
	('88530C', 'VTCC'),
	('88596D', 'VTBS'),
	('88596D', 'VTSP'),
	('88596D', 'VTCT'),
	('88596D', 'VTSG');
    
INSERT INTO passenger_address (PAPAX_ID, PAX_AID, number, street, county, city, country, zip_code) 
VALUES
	('101', '5678', '322 Sukhothai 2', 'Suan Chitlada', 'Dusit', 'Bangkok', 'Thailand', '10110'),
	('102', '5679', '365/2-3', 'Phrasumen', 'Bavornnives', 'Bangkok', 'Thailand', '10200'),
	('103', '5680', '1770-1772', 'Sukhumvit', 'Prakhanong', 'Bangkok', 'Thailand', '10250'),
	('104', '5681', '64/18 Soi Sainampueng', 'Sukhumvit', 'Klongtoey', 'Bangkok', 'Thailand', '10110'),
	('105', '5682', '231 9Th Floor The Park Place Ath Building', 'Ratchadamri', 'Pathumwan', 'Bangkok', 'Thailand', '10330'),
	('106', '5683', '8/25-27', 'Kanchanapisek', 'Bangkhae', 'Bangkok', 'Thailand', '10160'),
	('107', '5684', '95/397-8 Soi Chiangkong', 'Rama 3', 'Chong Nonsree', 'Bangkok', 'Thailand', '10120'),
	('108', '5685', '98/205 Laksee Village', 'Chaengwatana', 'Laksi', 'Bangkok', 'Thailand', '10210'),
	('109', '5686', '314/23', 'Rajaprarop', 'Phayathai', 'Bangkok', 'Thailand', '10400'),
	('110', '5687', '144/110 Soi Uthit 1', 'Klong Chan', 'Bang Kapi', 'Bangkok', 'Thailand', '10240'),
	('111', '5688', '23/2 Moo 3 Soi Phalai', 'Chaofa', 'Muang', 'Phuket', 'Thailand', '83000'),
	('112', '5689', 'Moo 5', 'Kan Ham', 'Uthai', 'Phra Nakhon Si Ayutth', 'Thailand', '13210'),
	('113', '5690', '126/19-20 Soi Ekamai', 'Sukhumvit', 'Klongton Nua', 'Bangkok', 'Thailand', '10110'),
	('114', '5691', '54', 'Montree', 'Ladyai', 'Phuket', 'Thailand', '83000'),
	('115', '5692', '32/45-6 Soi 8', 'Charansanitwong', 'Bangkokyai', 'Bangkok', 'Thailand', '10200'),
	('116', '5693', '189 Soi Asoke', 'Sukhumvit', 'Watthana', 'Bangkok', 'Thailand', '10110'),
	('117', '5694', '28/9 Moo 10', 'Ekachai', 'Bangbon', 'Bangkok', 'Thailand', '10150'),
	('118', '5695', '89/493 Soi Wat', 'Chalermphrakiat 3', 'Bangsrimuang', 'Nonthaburi', 'Thailand', '11000'),
	('119', '5696', '501/77', 'Nanglinchee', 'Chongnonsi', 'Bangkok', 'Thailand', '10120'),
	('120', '5697', '1020/123 Soi 57', 'Prachauthit', 'Bang Mod', 'Bangkok', 'Thailand', '10140');
    
INSERT INTO employee_address (EEMP_ID, EMP_AID, number, street, county, city, country, zip_code) 
VALUES
	('632304', '1234', '10/1 Soi Farmwatana', 'Rama 4', 'Prakhanong', 'Bangkok', 'Thailand', '10110'),
	('632309', '1235', '60/38-39', 'Ramintra 56', 'Kannayao', 'Bangkok', 'Thailand', '10230'),
	('632317', '1236', '216/6', 'Suksawad', 'Bangoakok', 'Bangkok', 'Thailand', '10104'),
	('632288', '1237', '31/1 Soi Pracha', 'Uthit 54', 'Bangmod', 'Bangkok', 'Thailand', '10140'),
	('632319', '1238', '501/77 ', 'Nanglinchee', 'Chongnonsi', 'Bangkok', 'Thailand', '10120'),
	('632283', '1239', '281/16 ', 'Suriwong', 'Suriyawong', 'Bangkok', 'Thailand', '10500'),
	('632286', '1240', 'Room 505', 'Chaengwatana', 'Pakkred', 'Bangkok', 'Thailand', '11120'),
	('632287', '1241', '15/87-9 Gp 9', 'Ladprao 53', 'Lad Prao', 'Bangkok', 'Thailand', '10230'),
	('632307', '1242', '21/4 Soi', 'Sukhumvit 29', 'Klongtoey', 'Bangkok', 'Thailand', '10110'),
	('632291', '1243', '11/5 Soi 13', 'Sukhumvit', 'Klongtoey', 'Bangkok', 'Thailand', '10110'),
	('632318', '1244', '198 Soi Sawang', 'Mahanakorn', 'Mahaprautaram', 'Bangkok', 'Thailand', '10500'),
	('632289', '1245', '130/11 Soi 18', 'Lardyao', 'Chatuchak', 'Bangkok', 'Thailand', '10900'),
	('632314', '1246', '1/99 Soi Ekasathaporn', 'Sukhaphibal 1', 'Bang Born', 'Bangkok', 'Thailand', '10150'),
	('632321', '1247', '306/9-10 Soi Kiatichai', 'Asoke-Dindaeng', 'Din Daeng', 'Bangkok', 'Thailand', '10320'),
	('632295', '1248', '778/15', 'Phaholyothin', 'Chatuchak', 'Bangkok', 'Thailand', '10900'),
	('632294', '1249', '33/5 Soi 19', 'Sukhumvit', 'Khlong Toei', 'Bangkok', 'Thailand', '10110'),
	('632293', '1250', '18 Soi Sirithamma', 'New Rd Wang Buraphapirom', 'Phra Nakhon', 'Bangkok', 'Thailand', '10200'),
	('632303', '1251', '2/243 Soi 14', 'Ramintra', 'Tha Rang', 'Bangkok', 'Thailand', '10220'),
	('632313', '1252', '3 St Louis Soi 3', 'Chan', 'Sathorn', 'Bangkok', 'Thailand', '10120'),
	('632301', '1253', '673/159 Soi Pattanakarn 30', 'Pattanakarn', 'Bangkok', 'Bangkok', 'Thailand', '10250'),
	('632322', '1254', '154/8 Soi 1', 'Sukhumwit', 'Klongtoey Nua Watthana', 'Bangkok', 'Thailand', '10110'),
	('632323', '1255', '691 Happylandsai 1', 'Klong Chan', 'Bang Kapi', 'Bangkok', 'Thailand', '10240'),
	('632324', '1256', '16/48 Soi Vajana', 'Daokanong-Chomthong', 'Chomthong', 'Bangkok', 'Thailand', '10150'),
	('632325', '1257', '224/2-3 Dinsaw', 'Sao Chingchar', 'Phra Nakhon', 'Bangkok', 'Thailand', '10200'),
	('632326', '1258', '161-163 Chula Soi 30', 'Banthadthong', 'Wangmai', 'Bangkok', 'Thailand', '10330'),
	('632290', '1259', '565', 'Sukhumvit', 'Klongton', 'Bangkok', 'Thailand', '10110'),
	('632311', '1260', '121/13 Soi Sabaichai Suthisarnvinichai', 'Sam Saen Nork', 'Huai Khwang', 'Bangkok', 'Thailand', '10320'),
	('632320', '1261', '110/32-33 Soi 23', 'Pracharat Sai 1', 'Bangkok', 'Bangkok', 'Thailand', '10800'),
	('632284', '1262', '604/3', 'Phetburi 12', 'Payathai', 'Bangkok', 'Thailand', '10400'),
	('632300', '1263', '640/29', 'New Taksin Klong Ton', 'Sa Khlong San', 'Bangkok', 'Thailand', '10600'),
	('632308', '1264', '29 Soi Chalermsuk', 'Rachadaphisek', 'Ladyao', 'Bangkok', 'Thailand', '10900'),
	('632277', '1265', '640/29', 'New Taksin', 'Klong Ton Sa', 'Bangkok', 'Thailand', '10600'),
	('632285', '1266', '29 Soi Chalermsuk', 'Rachadaphisek', 'Ladyao', 'Bangkok', 'Thailand', '10900'),
	('632296', '1267', '15 Soi Charoennakorn 32/1', 'Charoennakorn', 'Klongsan', 'Bangkok', 'Thailand', '10600'),
	('632298', '1268', '323', 'Silom', 'Bang Rak', 'Bangkok', 'Thailand', '10500'),
	('632279', '1269', '1138/51-52', 'Rama 3', 'Yan Nawa', 'Bangkok', 'Thailand', '10120'),
	('632316', '1270', '135/1 Soi Kasemsuwan', 'Sukhumvit 50', 'Phra Khanong', 'Bangkok', 'Thailand', '10250'),
	('632278', '1271', '2489', 'New Phetburi', 'Suanluang', 'Bangkok', 'Thailand', '10250'),
	('632281', '1272', '59 Soi 13', 'Charoennakorn Road', 'Khlongsan', 'Bangkok', 'Thailand', '10600'),
	('632299', '1273', '169-171 Soi Sukhumvit 62/1', 'Sukhumvit', 'Prakhanong', 'Bangkok', 'Thailand', '10260'),
	('632297', '1274', '146-152', 'Damrongruk Road', 'Khlongmahanak', 'Bangkok', 'Thailand', '10100'),
	('632302', '1275', '28/15 Soi 36', 'Sukhumvit', 'Khlong Toei', 'Bangkok', 'Thailand', '10110'),
	('632306', '1276', '677/88 Soi 5/1', 'Latphrao', 'Latyao', 'Bangkok', 'Thailand', '10900'),
	('632282', '1277', '592/1 Soi Suanplu 5', 'South Sathorn', 'Thung Maha Maek', 'Bangkok', 'Thailand', '10120'),
	('632292', '1278', '1875/617 Soi Panurangsee', 'Charansnidvongs', 'Bang Plad', 'Bangkok', 'Thailand', '10700'),
	('632310', '1279', '283', 'Larnluang', 'Wat Sommanas', 'Bangkok', 'Thailand', '10100'),
	('632312', '1280', '26/3 Soi Atthakarnprasith', 'South Sathorn', 'Thung Maha Maek', 'Bangkok', 'Thailand', '10120'),
	('632305', '1281', '32 Soi Santisuk', 'Latphrao 98', 'Latphrao', 'Bangkok', 'Thailand', '10230'),
	('632333', '1282', '135/20-21', 'Surawong', 'Bangkok', 'Bangkok', 'Thailand', '10500'),
	('632330', '1283', '68/30-1', 'Silom', 'Bangrak', 'Bangkok', 'Thailand', '10500'),
	('632329', '1284', '99/168 Ladprao 41', 'Lardyao', 'Chatuchak', 'Bangkok', 'Thailand', '10900'),
	('632331', '1285', '28/5 Soi Liabklongthabchang', 'Ladkrabang', 'Minburi', 'Bangkok', 'Thailand', '10510'),
	('632332', '1286', '6 Soi Songphra', 'Rama 4', 'Mahapruektaram', 'Bangkok', 'Thailand', '10500'),
	('632335', '1287', '2/9 Silom 13', 'Silom', 'Bangkok', 'Bangkok', 'Thailand', '10500'),
	('632315', '1288', '297-299 Charoennakorn 10', 'Klongtonsai', 'Bangkok', 'Bangkok', 'Thailand', '10600'),
	('632334', '1289', '36/51', 'Srinakarin', 'Suan Luang', 'Bangkok', 'Thailand', '10250'),
	('632328', '1290', '50 Soi Ketnuth', 'Ladprao 64', 'Wangthonglang', 'Bangkok', 'Thailand', '10310'),
	('632327', '1291', '1604/2 Songwad Talad No', 'Samphantha Wong', 'Phan', 'Bangkok', 'Thailand', '10100'),
	('632336', '1292', '9/1-2', 'Kampaengphet', 'Chatuchak', 'Bangkok', 'Thailand', '10900'),
	('632280', '1293', '35/16 Soi 124', 'Ladprao', 'Wangthonglang', 'Bangkok', 'Thailand', '10310');

INSERT INTO air_crew (AEMP_ID, weight, height, vision)
VALUES
	('632304', '88', '180', '20/20'),
	('632309', '86', '182', '20/40'),
	('632317', '68', '180', '20/40'),
	('632288', '72', '186', '20/40'),
	('632319', '76', '190', '20/40'),
	('632283', '87', '182', '20/20'),
	('632286', '70', '185', '20/20'),
	('632287', '65', '176', '20/40'),
	('632307', '84', '175', '20/40'),
	('632291', '83', '183', '20/20'),
	('632318', '73', '173', '20/20'),
	('632289', '69', '179', '20/20'),
	('632314', '67', '184', '20/20'),
	('632321', '80', '189', '20/20'),
	('632295', '85', '185', '20/20'),
	('632294', '72', '180', '20/20'),
	('632293', '65', '181', '20/20'),
	('632303', '77', '173', '20/20'),
	('632313', '81', '166', '20/20'),
	('632301', '86', '185', '20/20');
    

INSERT INTO cabin_crew (CEMP_ID, second_language) 
VALUES
	('632304', 'English, Dutch'),
	('632309', 'English, Dutch, Mandarin'),
	('632317', 'English, Mandarin, Hindi'),
	('632288', 'English, Arabic'),
	('632319', 'English, Russian'),
	('632283', 'English'),
	('632286', 'English, Russian, Mandarin'),
	('632287', 'English, Japanese'),
	('632307', 'English, Korean, Arabic, Mandarin'),
	('632291', 'English, Dutch, Mandarin, Spanish');    

INSERT INTO maintenance_engineer (MEMP_ID, pratiotioner_license) 
VALUES
	('632322', 'Category B1'),
	('632323', 'Category B3'),
	('632324', 'Category C'),
	('632325', 'Category C'),
	('632326', 'Category A'),
	('632290', 'Category B3'),
	('632311', 'Category B1'),
	('632320', 'Category B1'),
	('632284', 'Category B2'),
	('632300', 'Category A');

INSERT INTO pilot (PEMP_ID, year_of_experience, license, english_certification) 
VALUES
	('632318', '3', 'CPL', '5'),
	('632289', '10', 'PPL', '5'),
	('632314', '7', 'ATPL', '5'),
	('632321', '3', 'CPL', '6'),
	('632295', '9', 'ATPL', '3'),
	('632294', '2', 'CPL', '6'),
	('632293', '4', 'CPL', '3'),
	('632303', '9', 'PPL', '4'),
	('632313', '7', 'ATPL', '5'),
	('632301', '5', 'PPL', '5');
    
INSERT INTO cancellation (CXL_ID, penalty_fee, PYMT_ID) VALUES
	('102243', '0', '452168'),
	('219349', '2000', '234685'),
	('314456', '0', '254698'),
	('645734', '2000', '284152'),
	('456234', '2000', '251478'),
	('734812', '0', '784125'),
	('906904', '0', '646506'),
	('874623', '0', '796502'),
	('413245', '0', '253685'),
	('734812', '2000', '846321');
    
INSERT INTO cash_receipt (CASHR_ID, medium, date, PYMT_ID) 
VALUES
	('345244', 'Paper', '2022-07-22 16:45:19', '452168'),
	('362123', 'Paper', '2022-07-11 17:23:09', '234685'),
	('756234', 'Email', '2022-07-26 4:13:33', '254698'),
	('175678', 'Email', '2022-08-06 22:49:44', '284152'),
	('185345', 'Email', '2022-08-14 14:20:01', '251478'),
	('342677', 'Paper', '2022-08-17 9:27:03', '784125'),
	('323487', 'Email', '2022-08-20 13:30:41', '646506'),
	('734563', 'Paper', '2022-08-23 13:17:47', '796502'),
	('234712', 'Email', '2022-08-27 20:30:58', '253685'),
	('978545', 'Paper', '2022-09-09 0:11:03', '846321');

INSERT INTO travel_insurance (TI_ID, issued_date, travel_num, exp_date, dept_city, dest_city, trip_type, coverage_amount, categories, special_description, PYMT_ID)
VALUES
	('578974', '2022-07-11 17:21:09', '1', '90', 'BKK', 'CNX', 'one way', '1000000', 'Loss of Life', '', '234685'),
	('567964', '2022-07-22 16:44:19', '1', '90', 'BKK', 'SIN', 'one way', '500000', 'Medical Expense', '', '452168'),
	('456824', '2022-08-14 14:19:01', '2', '90', 'CEI', 'HAN', 'Round', '10000', 'Bagage Delay', 'Every 6 hours/1000 THB', '251478'),
	('136885', '2022-08-17 9:26:03', '2', '90', 'USM', 'REP', 'Round', '20000', 'Loss or Damage of Bagage', '', '784125'),
	('897534', '2022-08-17 9:26:03', '1', '90', 'BKK', 'HKT', 'one way', '0', 'Trip Cancellation ', 'Ticket price', '646506'),
	('668974', '2022-08-23 13:16:47', '1', '90', 'THS', 'BKK', 'one way', '0', 'Trip Cancellation ', 'Ticket price', '796502'),
	('233456', '2022-08-27 20:29:58', '1', '90', 'CNX', 'HAN', 'one way', '0', 'Trip Cancellation ', 'Ticket price', '253685'),
	('135732', '2022-08-11 4:05:53', '1', '90', 'BKK', 'CNX', 'one way', '500000', 'Personal Liability ', '', '243675'),
	('987541', '2022-08-15 9:11:57', '2', '90', 'BKK', 'CNX', 'Round', '500000', 'Personal Liability ', '', '543673'),
	('334598', '2022-09-05 12:54:29', '2', '90', 'BKK', 'CNX', 'Round', '500000', 'Personal Liability ', '', '315859');

INSERT INTO ticket (TCK_ID, reservation_date, PYMT_ID, Seat_ID, FLTS_ID) 
VALUES
	('399800', '2022-07-24 8:22:21', '513346', '42190', '650035'),
	('378483', '2022-08-09 12:45:56', '256368', '95130', '650823'),
	('485983', '2022-09-12 23:15:28', '826829', '12726', '650997'),
	('287782', '2022-08-05 8:07:36', '471542', '88600', '651104'),
	('288374', '2022-07-30 22:59:11', '121212', '43988', '651180'),
	('648282', '2022-09-06 8:07:42', '253685', '93799', '652153'),
	('244345', '2022-08-06 22:48:44', '284152', '46308', '653004'),
	('553209', '2022-07-15 15:29:12', '852439', '59315', '653156'),
	('171716', '2022-08-11 16:38:45', '417852', '41936', '653265'),
	('642785', '2022-07-17 20:30:09', '866458', '78760', '653389'),
	('309077', '2022-08-03 7:03:32', '253687', '71229', '654040'),
	('805839', '2022-07-19 12:00:22', '542123', '84804', '654177'),
	('829348', '2022-08-30 17:54:55', '256367', '21511', '654235'),
	('339876', '2022-08-01 16:41:02', '364215', '95770', '654398'),
	('214325', '2022-07-09 10:15:19', '251846', '71003', '654488'),
	('100809', '2022-08-04 23:19:47', '541782', '40207', '654676'),
	('199819', '2022-08-08 21:47:28', '554218', '59475', '655108'),
	('788424', '2022-07-22 2:55:55', '212417', '61476', '655225'),
	('555678', '2022-08-02 22:47:02', '181824', '24142', '655993'),
	('400708', '2022-08-04 20:54:15', '258965', '53531', '656432'),
	('734682', '2022-08-05 8:07:36', '471542', '83116', '656556'),
	('324578', '2022-07-08 12:09:11', '112022', '77178', '657845'),
	('746391', '2022-07-23 4:49:48', '845136', '47480', '657976'),
	('395874', '2022-08-03 10:46:27', '254816', '21325', '658114'),
	('989872', '2022-07-31 12:09:11', '567285', '49667', '658173'),
	('299877', '2022-07-27 17:11:32', '545168', '44755', '658189'),
	('978865', '2022-07-14 12:26:13', '965820', '25806', '658344'),
	('300008', '2022-07-28 12:00:00', '364521', '52034', '659260'),
	('118838', '2022-08-01 13:58:00', '854210', '27858', '659358'),
	('989533', '2022-07-21 10:43:34', '447573', '87593', '659925'),
	('656787', '2022-08-12 21:52:51', '254178', '11111', '658344'),
	('445577', '2022-08-16 5:02:03', '256321', '86222', '654177'),
	('229988', '2022-08-17 20:50:35', '254178', '42240', '651180'),
	('112998', '2022-08-18 10:31:37', '325689', '50924', '659358'),
	('909866', '2022-08-20 0:53:02', '852142', '88205', '658114'),
	('494988', '2022-08-22 8:10:22', '517528', '67783', '656556'),
	('272898', '2022-08-24 4:42:51', '254631', '53342', '650823'),
	('454367', '2022-08-26 12:36:11', '138878', '88600', '654235'),
	('837292', '2022-08-27 23:29:37', '254178', '43988', '652153'),
	('794739', '2022-08-27 10:02:17', '854725', '93799', '650997');

INSERT INTO airplane_operation_fs_route (FLTS_ID, R_ID, AIRP_ID) 
VALUES
	('658344', '641589', '88084F'),
	('654177', '649853', '880C4A'),
	('651180', '644480', '880455'),
	('659358', '644725', '8832B0'),
	('658114', '647701', '8832B1'),
	('656556', '640760', '885966'),
	('650823', '641923', '881056'),
	('654235', '645642', '88596D'),
	('652153', '648043', '88434E'),
	('650997', '642076', '88530C'),
	('657845', '643026', '88084F'),
	('654488', '640480', '880C4A'),
	('653156', '648870', '880455'),
	('653389', '640083', '8832B0'),
	('659925', '646846', '8832B1'),
	('655225', '641589', '885966'),
	('657976', '649853', '881056'),
	('650035', '644480', '88596D'),
	('658189', '644725', '88434E'),
	('659260', '647701', '88530C'),
	('658173', '640760', '88084F'),
	('654398', '641923', '880C4A'),
	('655993', '645642', '880455'),
	('654040', '648043', '8832B0'),
	('656432', '642076', '8832B1'),
	('654676', '643026', '885966'),
	('651104', '640480', '881056'),
	('653004', '648870', '88596D'),
	('655108', '640083', '88434E'),
	('653265', '646846', '88530C');

INSERT INTO pilot_fly_flightsch (P_EMP_ID, FLTS_ID, cockpit_position) 
VALUES
	('632318', '658344', 'Captain'),
	('632289', '658344', 'Co-pilot'),
	('632314', '654177', 'Captain'),
	('632321', '654177', 'Co-pilot'),
	('632295', '651180', 'Captain'),
	('632294', '651180', 'Co-pilot'),
	('632293', '659358', 'Captain'),
	('632303', '659358', 'Co-pilot'),
	('632313', '658114', 'Captain'),
	('632301', '658114', 'Co-pilot'),
	('632318', '650823', 'Captain'),
	('632289', '650823', 'Co-pilot'),
	('632314', '650997', 'Captain'),
	('632321', '650997', 'Co-pilot'),
	('632295', '654235', 'Captain'),
	('632294', '654235', 'Co-pilot'),
	('632293', '659925', 'Captain'),
	('632303', '659925', 'Co-pilot'),
	('632313', '655225', 'Captain'),
	('632301', '655225', 'Co-pilot'),
	('632293', '657976', 'Captain'),
	('632289', '657976', 'Co-pilot'),
	('632313', '650035', 'Captain'),
	('632301', '650035', 'Co-pilot'),
	('632314', '656432', 'Captain'),
	('632321', '656432', 'Co-pilot'),
	('632295', '658173', 'Captain'),
	('632294', '658173', 'Co-pilot'),
	('632318', '654398', 'Captain'),
	('632303', '654398', 'Co-pilot'),
	('632318', '654676', 'Captain'),
	('632295', '654676', 'Co-pilot'),
	('632303', '651104', 'Captain'),
	('632289', '651104', 'Co-pilot'),
	('632321', '653004', 'Captain'),
	('632314', '653004', 'Co-pilot'),
	('632301', '659260', 'Captain'),
	('632293', '659260', 'Co-pilot'),
	('632313', '658189', 'Captain'),
	('632294', '658189', 'Co-pilot'),
	('632321', '657845', 'Captain'),
	('632295', '657845', 'Co-pilot'),
	('632303', '654488', 'Captain'),
	('632314', '654488', 'Co-pilot'),
	('632301', '656556', 'Captain'),
	('632294', '656556', 'Co-pilot'),
	('632318', '652153', 'Captain'),
	('632289', '652153', 'Co-pilot'),
	('632293', '653156', 'Captain'),
	('632313', '653156', 'Co-pilot'),
	('632293', '653389', 'Captain'),
	('632313', '653389', 'Co-pilot'),
	('632301', '655993', 'Captain'),
	('632303', '655993', 'Co-pilot'),
	('632295', '654040', 'Captain'),
	('632318', '654040', 'Co-pilot'),
	('632321', '655108', 'Captain'),
	('632294', '655108', 'Co-pilot'),
	('632289', '653265', 'Captain'),
	('632314', '653265', 'Co-pilot');

INSERT INTO maintenancee_check_airplane (M_EMP_ID, AIRP_ID) 
VALUES
	('632322', '88084F'),
	('632323', '880C4A'),
	('632324', '880455'),
	('632325', '8832B0'),
	('632326', '8832B1'),
	('632290', '885966'),
	('632311', '881056'),
	('632320', '88596D'),
	('632284', '88434E'),
	('632300', '88530C'),
	('632322', '885966'),
	('632323', '880455'),
	('632324', '88434E'),
	('632325', '880C4A'),
	('632326', '88530C'),
	('632290', '881056'),
	('632311', '88084F'),
	('632320', '8832B0'),
	('632284', '8832B1'),
	('632300', '88596D'),
	('632322', '8832B0'),
	('632323', '88084F'),
	('632324', '8832B1'),
	('632325', '881056'),
	('632326', '885966'),
	('632290', '880C4A'),
	('632311', '88530C'),
	('632320', '88434E'),
	('632284', '88596D'),
	('632300', '880455');
    
INSERT INTO boarding_pass (BP_ID, dept_time, BP_time, TCK_ID) 
VALUES
	('446665', '2022-10-31 13:25:00', '2022-10-31 13:10:00', '978865'),
	('984937', '2022-10-31 12:55:00', '2022-10-31 12:40:00', '805839'),
	('726738', '2022-10-30 10:10:00', '2022-10-30 09:55:00', '288374'),
	('181616', '2022-10-30 17:30:00', '2022-10-30 17:15:00', '118838'),
	('293940', '2022-10-30 18:30:00', '2022-10-30 18:15:00', '395874'),
	('283736', '2022-10-24 20:00:00', '2022-10-24 19:45:00', '734682'),
	('846535', '2022-10-29 20:05:00', '2022-10-29 19:50:00', '378483'),
	('983635', '2022-10-28 20:46:00', '2022-10-28 20:31:00', '829348'),
	('223398', '2022-10-24 19:46:00', '2022-10-24 19:31:00', '648282'),
	('165247', '2022-10-27 12:40:00', '2022-10-27 12:25:00', '485983');


